{
    "name": "12a4127b-51a3-4e0e-a9d0-d285461fbc52",
    "id": "/providers/Microsoft.Flow/flows/12a4127b-51a3-4e0e-a9d0-d285461fbc52",
    "type": "Microsoft.Flow/flows",
    "properties": {
        "apiId": "/providers/Microsoft.PowerApps/apis/shared_logicflows",
        "displayName": "M365 Group Teams VM alert",
        "definition": {
            "metadata": {
                "workflowEntityId": null,
                "flowclientsuspensionreason": "None",
                "flowclientsuspensiontime": null,
                "creator": {
                    "id": "",
                    "type": "User",
                    "tenantId": ""
                },
                "provisioningMethod": "FromDefinition",
                "failureAlertSubscription": true,
                "clientLastModifiedTime": "2020-12-10T21:41:34.246773Z"
            },
            "$schema": "https://schema.management.azure.com/providers/Microsoft.Logic/schemas/2016-06-01/workflowdefinition.json#",
            "contentVersion": "1.0.0.0",
            "parameters": {
                "$connections": {
                    "defaultValue": {},
                    "type": "Object"
                },
                "$authentication": {
                    "defaultValue": {},
                    "type": "SecureObject"
                }
            },
            "triggers": {
                "When_a_new_email_arrives_to_a_group": {
                    "recurrence": {
                        "frequency": "Minute",
                        "interval": 1
                    },
                    "splitOn": "@triggerOutputs()?['body/value']",
                    "type": "OpenApiConnection",
                    "inputs": {
                        "host": {
                            "apiId": "/providers/Microsoft.PowerApps/apis/shared_office365groupsmail",
                            "connectionName": "shared_office365groupsmail",
                            "operationId": "OnNewEmailInGroup"
                        },
                        "parameters": {
                            "groupId": ""
                        },
                        "authentication": "@parameters('$authentication')"
                    }
                }
            },
            "actions": {
                "Apply_to_each": {
                    "foreach": "@triggerOutputs()?['body/threads']",
                    "actions": {
                        "Apply_to_each_2": {
                            "foreach": "@items('Apply_to_each')?['posts']",
                            "actions": {
                                "Get_a_thread_post": {
                                    "runAfter": {},
                                    "type": "OpenApiConnection",
                                    "inputs": {
                                        "host": {
                                            "apiId": "/providers/Microsoft.PowerApps/apis/shared_office365groupsmail",
                                            "connectionName": "shared_office365groupsmail",
                                            "operationId": "GetThreadPost"
                                        },
                                        "parameters": {
                                            "groupId": "",
                                            "threadId": "@items('Apply_to_each')?['id']",
                                            "postId": "@items('Apply_to_each_2')?['id']"
                                        },
                                        "authentication": "@parameters('$authentication')"
                                    }
                                },
                                "Condition": {
                                    "actions": {
                                        "Apply_to_each_3": {
                                            "foreach": "@outputs('Get_a_thread_post')?['body/attachments']",
                                            "actions": {
                                                "Create_file": {
                                                    "runAfter": {},
                                                    "type": "OpenApiConnection",
                                                    "inputs": {
                                                        "host": {
                                                            "apiId": "/providers/Microsoft.PowerApps/apis/shared_sharepointonline",
                                                            "connectionName": "shared_sharepointonline",
                                                            "operationId": "CreateFile"
                                                        },
                                                        "parameters": {
                                                            "dataset": "https://contoso.sharepoint.com/sites/contoso",
                                                            "folderPath": "/Shared Documents/General",
                                                            "name": "@{outputs('Get_a_thread_post')?['body/sender/emailAddress/name']}@{outputs('Get_a_thread_post')?['body/receivedDateTime']}@{items('Apply_to_each_3')?['name']}",
                                                            "body": "@items('Apply_to_each_3')?['contentBytes']"
                                                        },
                                                        "authentication": "@parameters('$authentication')"
                                                    },
                                                    "runtimeConfiguration": {
                                                        "contentTransfer": {
                                                            "transferMode": "Chunked"
                                                        }
                                                    }
                                                },
                                                "Post_an_Adaptive_Card_to_a_Teams_channel_and_wait_for_a_response": {
                                                    "runAfter": {
                                                        "Html_to_text": [
                                                            "Succeeded"
                                                        ]
                                                    },
                                                    "type": "OpenApiConnectionWebhook",
                                                    "inputs": {
                                                        "host": {
                                                            "apiId": "/providers/Microsoft.PowerApps/apis/shared_teams",
                                                            "connectionName": "shared_teams",
                                                            "operationId": "SubscribeChannelFlowContinuation"
                                                        },
                                                        "parameters": {
                                                            "groupId": "",
                                                            "ChannelFlowContinuationSubscriptionRequest/body/recipient/channelId": "",
                                                            "ChannelFlowContinuationSubscriptionRequest/body/messageBody": "{\n    \"type\": \"AdaptiveCard\",\n    \"$schema\": \"http://adaptivecards.io/schemas/adaptive-card.json\",\n    \"version\": \"1.2\",\n    \"body\": [\n        {\n            \"type\": \"TextBlock\",\n            \"text\": \"New Voicemail\",\n            \"size\": \"ExtraLarge\"\n        },\n        {\n            \"type\": \"RichTextBlock\",\n            \"inlines\": [\n                {\n                    \"type\": \"TextRun\",\n                    \"text\": \"@{outputs('Get_a_thread_post')?['body/sender/emailAddress/name']}\"\n                }\n            ]\n        },\n        {\n            \"type\": \"RichTextBlock\",\n            \"inlines\": [\n                {\n                    \"type\": \"TextRun\",\n                    \"text\": \"@{outputs('Html_to_text')?['body']}\"\n                }\n            ]\n        },\n        {\n            \"type\": \"ActionSet\",\n            \"actions\": [\n                {\n                    \"type\": \"Action.OpenUrl\",\n                    \"title\": \"Listen to Voicemail\",\n                    \"url\": \"https://contoso.sharepoint.com/sites/contoso@{outputs('Create_file')?['body/Path']}\"\n                }\n            ]\n        },\n        {\n            \"type\": \"ActionSet\",\n            \"actions\": [\n                {\n                    \"type\": \"Action.Submit\",\n                    \"title\": \"Mark as Callback Completed\",\n                    \"style\": \"positive\"\n                }\n            ]\n        }\n    ]\n}",
                                                            "ChannelFlowContinuationSubscriptionRequest/body/updateMessage": "@{outputs('Get_a_thread_post')?['body/sender/emailAddress/name']} CallBack Complete.",
                                                            "ChannelFlowContinuationSubscriptionRequest/body/shouldUpdateCard": true
                                                        },
                                                        "authentication": "@parameters('$authentication')"
                                                    }
                                                },
                                                "Html_to_text": {
                                                    "runAfter": {
                                                        "Create_file": [
                                                            "Succeeded"
                                                        ]
                                                    },
                                                    "type": "OpenApiConnection",
                                                    "inputs": {
                                                        "host": {
                                                            "apiId": "/providers/Microsoft.PowerApps/apis/shared_conversionservice",
                                                            "connectionName": "shared_conversionservice",
                                                            "operationId": "HtmlToText"
                                                        },
                                                        "parameters": {
                                                            "Content": "<p>@{outputs('Get_a_thread_post')?['body/body/content']}</p>"
                                                        },
                                                        "authentication": "@parameters('$authentication')"
                                                    }
                                                },
                                                "Delete_file": {
                                                    "runAfter": {
                                                        "Post_an_Adaptive_Card_to_a_Teams_channel_and_wait_for_a_response": [
                                                            "Succeeded"
                                                        ]
                                                    },
                                                    "type": "OpenApiConnection",
                                                    "inputs": {
                                                        "host": {
                                                            "apiId": "/providers/Microsoft.PowerApps/apis/shared_sharepointonline",
                                                            "connectionName": "shared_sharepointonline",
                                                            "operationId": "DeleteFile"
                                                        },
                                                        "parameters": {
                                                            "dataset": "https://contoso.sharepoint.com/sites/contoso",
                                                            "id": "@uriComponent(outputs('Create_file')?['body/Path'])"
                                                        },
                                                        "authentication": "@parameters('$authentication')"
                                                    }
                                                }
                                            },
                                            "runAfter": {},
                                            "type": "Foreach"
                                        }
                                    },
                                    "runAfter": {
                                        "Get_a_thread_post": [
                                            "Succeeded"
                                        ]
                                    },
                                    "expression": {
                                        "and": [
                                            {
                                                "equals": [
                                                    "@outputs('Get_a_thread_post')?['body/hasAttachments']",
                                                    true
                                                ]
                                            },
                                            {
                                                "contains": [
                                                    "@outputs('Get_a_thread_post')?['body/body/content']",
                                                    "UM-call-info"
                                                ]
                                            }
                                        ]
                                    },
                                    "type": "If"
                                }
                            },
                            "runAfter": {},
                            "type": "Foreach"
                        }
                    },
                    "runAfter": {},
                    "type": "Foreach"
                }
            }
        },
        "connectionReferences": {
            "shared_office365groupsmail": {
                "connectionName": "shared-office365grou-929252af-8074-46f1-a557-63ff4b73860d",
                "source": "Embedded",
                "id": "/providers/Microsoft.PowerApps/apis/shared_office365groupsmail",
                "tier": "NotSpecified"
            },
            "shared_sharepointonline": {
                "connectionName": "24fae751e96944a9a460aba9430038e1",
                "source": "Embedded",
                "id": "/providers/Microsoft.PowerApps/apis/shared_sharepointonline",
                "tier": "NotSpecified"
            },
            "shared_teams": {
                "connectionName": "shared-teams-383ea7c8-91d1-4c52-86aa-01faf99e38c3",
                "source": "Embedded",
                "id": "/providers/Microsoft.PowerApps/apis/shared_teams",
                "tier": "NotSpecified"
            },
            "shared_conversionservice": {
                "connectionName": "shared-conversionser-46e13204-6e3b-421e-b3b1-cdb872c7c5c8",
                "source": "Embedded",
                "id": "/providers/Microsoft.PowerApps/apis/shared_conversionservice",
                "tier": "NotSpecified"
            }
        },
        "flowFailureAlertSubscribed": false
    }
}